Features,Shap Values
NAME_INCOME_TYPE_Working,0.4633835860232863
CODE_GENDER,0.42404212739763525
NAME_FAMILY_STATUS_Married,0.33370201730100935
EXT_SOURCE_2,0.3053118011839639
EXT_SOURCE_3,0.2624648209428986
FLAG_WORK_PHONE,0.25547404565714266
REGION_RATING_CLIENT_W_CITY,0.19936177517035233
PAYMENT_RATE,0.19096240871017922
ORGANIZATION_TYPE_Selfemployed,0.18966743897895247
NAME_EDUCATION_TYPE_Secondarysecondaryspecial,0.1792482954872395
EXT_SOURCE_1,0.1733392506783597
FLAG_DOCUMENT_3,0.17148060906463714
FLAG_OWN_CAR,0.15978879908934385
EMERGENCYSTATE_MODE_No,0.15781805520401956
DEF_30_CNT_SOCIAL_CIRCLE,0.14430676528247496
BURO_AMT_CREDIT_MAX_OVERDUE_MEAN,0.1338872301344037
HOUSETYPE_MODE_blockofflats,0.12342380728130306
BURO_MONTHS_BALANCE_MAX_MAX,0.1230430763089514
CLOSED_AMT_CREDIT_SUM_LIMIT_MEAN,0.12234941132839447
REG_CITY_NOT_WORK_CITY,0.12137937277371424
FLAG_PHONE,0.12062622285629589
REGION_RATING_CLIENT,0.09457730995540399
NAME_EDUCATION_TYPE_Highereducation,0.09362059696114733
AMT_ANNUITY,0.09229270562978802
AMT_CREDIT,0.08731798882098646
DAYS_EMPLOYED,0.08669150469034159
PREV_NAME_YIELD_GROUP_high_MEAN,0.08227200480435427
AMT_GOODS_PRICE,0.08101986879986982
BURO_STATUS_5_MEAN_MEAN,0.08092759578420154
AMT_REQ_CREDIT_BUREAU_QRT,0.07883787975208517
OWN_CAR_AGE,0.07693868252265941
APPROVED_CNT_PAYMENT_MEAN,0.07627867813079717
BURO_AMT_CREDIT_SUM_LIMIT_MEAN,0.07581746324401245
CLOSED_AMT_CREDIT_MAX_OVERDUE_MEAN,0.07268563997411613
FLAG_OWN_REALTY,0.07094844737298706
WALLSMATERIAL_MODE_Panel,0.07065800881787881
ORGANIZATION_TYPE_XNA,0.06974907587474563
DAYS_ID_PUBLISH,0.0650127026448758
INSTAL_AMT_PAYMENT_SUM,0.06346211647872914
INSTAL_DPD_MAX,0.06228290656588198
REFUSED_AMT_DOWN_PAYMENT_MAX,0.058992745617387175
POS_MONTHS_BALANCE_MAX,0.05746840893134866
BURO_CREDIT_TYPE_Microloan_MEAN,0.057203828247164516
OCCUPATION_TYPE_Laborers,0.055893437558876304
WEEKDAY_APPR_PROCESS_START_MONDAY,0.05381705817048106
CNT_CHILDREN,0.05358524250370503
DAYS_BIRTH,0.052023825961026615
PREV_CNT_PAYMENT_MEAN,0.05114051028277704
POS_MONTHS_BALANCE_SIZE,0.050456730630195915
WEEKDAY_APPR_PROCESS_START_TUESDAY,0.04983794987066441
ORGANIZATION_TYPE_BusinessEntityType3,0.04972762947795775
FLOORSMAX_MODE,0.049205103179719746
BURO_AMT_CREDIT_SUM_DEBT_MEAN,0.048110828943665744
REG_CITY_NOT_LIVE_CITY,0.047013169283344064
REFUSED_RATE_DOWN_PAYMENT_MAX,0.044857097816309394
INSTAL_DPD_MEAN,0.043804475327083585
ANNUITY_INCOME_PERC,0.04303516352605554
HOUR_APPR_PROCESS_START,0.0383394628460634
ACTIVE_AMT_CREDIT_MAX_OVERDUE_MEAN,0.03819986740066406
ACTIVE_DAYS_CREDIT_ENDDATE_MEAN,0.037801066276805934
ACTIVE_DAYS_CREDIT_MAX,0.03552875509948411
NAME_INCOME_TYPE_Commercialassociate,0.0354365477564206
CLOSED_DAYS_CREDIT_MAX,0.03490545184417709
DAYS_EMPLOYED_PERC,0.03464071572847002
APPROVED_RATE_DOWN_PAYMENT_MIN,0.03396377206101874
CLOSED_MONTHS_BALANCE_MAX_MAX,0.03357751534944881
PREV_NAME_CONTRACT_STATUS_Refused_MEAN,0.03310503471063789
CLOSED_MONTHS_BALANCE_SIZE_SUM,0.03295874312071205
LIVE_CITY_NOT_WORK_CITY,0.032918614582930585
APPROVED_AMT_ANNUITY_MEAN,0.0328303304463926
ACTIVE_DAYS_CREDIT_ENDDATE_MIN,0.03277112207753378
DAYS_LAST_PHONE_CHANGE,0.03266648556007206
BURO_CREDIT_ACTIVE_Closed_MEAN,0.03245236749840273
PREV_NAME_PRODUCT_TYPE_walkin_MEAN,0.03242855919464983
NAME_FAMILY_STATUS_Singlenotmarried,0.03220571868749669
REFUSED_DAYS_DECISION_MAX,0.032139931634559096
INSTAL_PAYMENT_DIFF_SUM,0.031643339890604215
OBS_60_CNT_SOCIAL_CIRCLE,0.031075209906417548
ACTIVE_DAYS_CREDIT_MEAN,0.030884054156640115
PREV_APP_CREDIT_PERC_MAX,0.030585856781474324
OCCUPATION_TYPE_Drivers,0.030440665797478086
WEEKDAY_APPR_PROCESS_START_FRIDAY,0.03030470360584857
APPROVED_HOUR_APPR_PROCESS_START_MAX,0.029327015482638562
ACTIVE_MONTHS_BALANCE_SIZE_MEAN,0.029089543968726487
PREV_NAME_YIELD_GROUP_low_action_MEAN,0.02876956536249531
INSTAL_NUM_INSTALMENT_VERSION_NUNIQUE,0.02820984115203302
NAME_TYPE_SUITE_Unaccompanied,0.027294499258387134
FLAG_EMP_PHONE,0.02728970189966483
REGION_POPULATION_RELATIVE,0.027190089509159555
PREV_PRODUCT_COMBINATION_Cash_MEAN,0.027180296412406598
PREV_NAME_CLIENT_TYPE_New_MEAN,0.026691835817803457
BURO_CREDIT_TYPE_Mortgage_MEAN,0.026573480046856206
INSTAL_DAYS_ENTRY_PAYMENT_MAX,0.026270196856714938
REFUSED_DAYS_DECISION_MEAN,0.025927049386035447
PREV_APP_CREDIT_PERC_VAR,0.024520792497961026
POS_SK_DPD_DEF_MAX,0.024241422500952084
APPROVED_CNT_PAYMENT_SUM,0.02384065739453134
ACTIVE_AMT_CREDIT_SUM_SUM,0.02379281944194372
NAME_CONTRACT_TYPE_Revolvingloans,0.023664492068817926
CC_CNT_DRAWINGS_ATM_CURRENT_SUM,0.02350854743885199
ENTRANCES_AVG,0.023222927656244605
NAME_HOUSING_TYPE_Houseapartment,0.022980029730858158
PREV_AMT_ANNUITY_MEAN,0.022779786105322376
BURO_STATUS_4_MEAN_MEAN,0.022696300626687413
WALLSMATERIAL_MODE_Stonebrick,0.022355049011497548
PREV_WEEKDAY_APPR_PROCESS_START_MONDAY_MEAN,0.02184495004942665
APPROVED_DAYS_DECISION_MIN,0.021698817729563866
INSTAL_AMT_INSTALMENT_MAX,0.021653369957744088
INSTAL_DBD_SUM,0.02164422221637832
WEEKDAY_APPR_PROCESS_START_WEDNESDAY,0.021626855086093782
PREV_PRODUCT_COMBINATION_CashXSelllow_MEAN,0.02142336844840592
DEF_60_CNT_SOCIAL_CIRCLE,0.021396660710558662
OCCUPATION_TYPE_Corestaff,0.02130524761256757
ACTIVE_AMT_CREDIT_SUM_DEBT_MEAN,0.021089779160945524
INSTAL_PAYMENT_PERC_MEAN,0.02069498350194948
NAME_INCOME_TYPE_Stateservant,0.02067065879595829
PREV_AMT_CREDIT_MIN,0.02044637990518676
APPROVED_RATE_DOWN_PAYMENT_MAX,0.02031535846036609
INSTAL_AMT_PAYMENT_MEAN,0.019757528813747014
CC_NAME_CONTRACT_STATUS_Active_MIN,0.01936217054590456
INSTAL_PAYMENT_PERC_SUM,0.019296537262574937
APPROVED_APP_CREDIT_PERC_MAX,0.01929016640202489
DAYS_REGISTRATION,0.018988578411319092
NAME_INCOME_TYPE_Pensioner,0.01889751216273047
BURO_STATUS_2_MEAN_MEAN,0.018428361026475666
PREV_AMT_DOWN_PAYMENT_MEAN,0.01824097412097868
OCCUPATION_TYPE_Salesstaff,0.018097825114416946
BURO_STATUS_1_MEAN_MEAN,0.018015102561480683
CLOSED_DAYS_CREDIT_ENDDATE_MAX,0.017823052448121844
REFUSED_AMT_DOWN_PAYMENT_MIN,0.017442216058877528
ACTIVE_AMT_CREDIT_SUM_DEBT_SUM,0.01739399302294664
NAME_FAMILY_STATUS_Separated,0.017243652337618688
PREV_NAME_CASH_LOAN_PURPOSE_XNA_MEAN,0.017122969780494234
APPROVED_APP_CREDIT_PERC_MIN,0.01698385011465694
PREV_NAME_TYPE_SUITE_nan_MEAN,0.016801630348364443
NONLIVINGAPARTMENTS_MODE,0.016668235701578025
BURO_CREDIT_ACTIVE_Active_MEAN,0.016572343137594744
APPROVED_AMT_DOWN_PAYMENT_MAX,0.01622573208816534
PREV_NAME_SELLER_INDUSTRY_Connectivity_MEAN,0.016184573518555487
CLOSED_DAYS_CREDIT_UPDATE_MEAN,0.016173083357433272
INSTAL_PAYMENT_DIFF_MEAN,0.016113336988969905
ACTIVE_DAYS_CREDIT_UPDATE_MEAN,0.015657153202177906
CLOSED_AMT_CREDIT_SUM_SUM,0.015513948869103076
ACTIVE_AMT_CREDIT_SUM_LIMIT_MEAN,0.015446470137942845
PREV_RATE_DOWN_PAYMENT_MIN,0.015329912599334215
ORGANIZATION_TYPE_School,0.015000725840984509
WEEKDAY_APPR_PROCESS_START_THURSDAY,0.014977750245736391
BURO_STATUS_C_MEAN_MEAN,0.014825313317175468
PREV_DAYS_DECISION_MIN,0.014678750464411403
PREV_HOUR_APPR_PROCESS_START_MAX,0.014548542307077047
CC_CNT_DRAWINGS_CURRENT_MAX,0.014544729369393107
INSTAL_PAYMENT_DIFF_MAX,0.014413196614203047
PREV_AMT_ANNUITY_MAX,0.014258040146746236
APPROVED_APP_CREDIT_PERC_VAR,0.014215316648359354
PREV_PRODUCT_COMBINATION_CashStreetlow_MEAN,0.014181071789345214
BURO_AMT_CREDIT_SUM_MEAN,0.014160187782133906
BURO_AMT_CREDIT_SUM_SUM,0.01413918284040479
REFUSED_CNT_PAYMENT_MEAN,0.013990783051489436
APPROVED_RATE_DOWN_PAYMENT_MEAN,0.013970034238081743
BURO_AMT_CREDIT_SUM_MAX,0.013911422669519604
BURO_DAYS_CREDIT_ENDDATE_MEAN,0.013787708865159093
BURO_DAYS_CREDIT_MIN,0.01376575785242708
PREV_NAME_CONTRACT_TYPE_Revolvingloans_MEAN,0.013700665929818678
FLOORSMAX_AVG,0.013546204391131673
ORGANIZATION_TYPE_Construction,0.013336461511696084
PREV_APP_CREDIT_PERC_MIN,0.013287125441099494
CC_CNT_DRAWINGS_ATM_CURRENT_MEAN,0.013259705167747944
INSTAL_DBD_MEAN,0.013031107595791668
AMT_REQ_CREDIT_BUREAU_DAY,0.013015790056252967
NAME_CONTRACT_TYPE_Cashloans,0.012989029430631913
POS_MONTHS_BALANCE_MEAN,0.01266392056610832
CLOSED_AMT_CREDIT_SUM_OVERDUE_MEAN,0.012592224486823528
PREV_NAME_SELLER_INDUSTRY_Furniture_MEAN,0.012533912148537012
ACTIVE_AMT_CREDIT_SUM_MAX,0.012496978682458472
REFUSED_CNT_PAYMENT_SUM,0.01243279831360029
INSTAL_COUNT,0.01227023803009739
BURO_DAYS_CREDIT_MEAN,0.012241337860471015
APPROVED_AMT_DOWN_PAYMENT_MEAN,0.012173044691259892
CC_CNT_DRAWINGS_ATM_CURRENT_VAR,0.012140548873510864
CC_CNT_DRAWINGS_CURRENT_VAR,0.012121846948819792
PREV_APP_CREDIT_PERC_MEAN,0.011787695965081415
BURO_DAYS_CREDIT_ENDDATE_MAX,0.011746770131111443
INSTAL_DAYS_ENTRY_PAYMENT_SUM,0.011693137489072051
PREV_NAME_TYPE_SUITE_Unaccompanied_MEAN,0.011596676165295503
ACTIVE_DAYS_CREDIT_ENDDATE_MAX,0.011536668534676003
ACTIVE_CREDIT_DAY_OVERDUE_MAX,0.011532290072691775
ORGANIZATION_TYPE_Kindergarten,0.011484884553033526
APPROVED_DAYS_DECISION_MAX,0.011346778613312044
AMT_INCOME_TOTAL,0.011143121174121669
ACTIVE_MONTHS_BALANCE_MAX_MAX,0.011024338235446355
ACTIVE_AMT_CREDIT_SUM_MEAN,0.010913996650790786
POS_NAME_CONTRACT_STATUS_Active_MEAN,0.010884269433851455
CLOSED_DAYS_CREDIT_VAR,0.010877493803560524
WEEKDAY_APPR_PROCESS_START_SUNDAY,0.010719942917866142
YEARS_BEGINEXPLUATATION_MEDI,0.010667531609671571
PREV_CODE_REJECT_REASON_XAP_MEAN,0.01061981970573079
YEARS_BEGINEXPLUATATION_MODE,0.010495490563606796
APPROVED_AMT_ANNUITY_MAX,0.010397009014079129
PREV_CODE_REJECT_REASON_HC_MEAN,0.010353238544362585
BURO_DAYS_CREDIT_MAX,0.010263223056243297
CC_AMT_CREDIT_LIMIT_ACTUAL_MIN,0.010144711978486043
INSTAL_AMT_PAYMENT_MIN,0.010032454819920307
PREV_NAME_YIELD_GROUP_middle_MEAN,0.009997758521870551
INCOME_CREDIT_PERC,0.009995458716791973
INCOME_PER_PERSON,0.0099581561907008
POS_NAME_CONTRACT_STATUS_Completed_MEAN,0.009949331909979063
YEARS_BEGINEXPLUATATION_AVG,0.009906024339494768
APPROVED_AMT_GOODS_PRICE_MEAN,0.00989667133020252
CLOSED_AMT_CREDIT_SUM_MEAN,0.009861625933651672
BURO_AMT_CREDIT_SUM_DEBT_MAX,0.009843336961894393
BURO_MONTHS_BALANCE_SIZE_SUM,0.00980345697188631
COMMONAREA_MEDI,0.009753571236425125
ACTIVE_AMT_CREDIT_SUM_OVERDUE_MEAN,0.009730106154405555
CNT_FAM_MEMBERS,0.009659183139258575
PREV_AMT_GOODS_PRICE_MEAN,0.00949409467353574
PREV_NAME_GOODS_CATEGORY_Mobile_MEAN,0.009469211921228127
INSTAL_DBD_MAX,0.009142307207290897
PREV_DAYS_DECISION_MAX,0.009109890172068669
PREV_PRODUCT_COMBINATION_CashXSellhigh_MEAN,0.009043678750346763
BURO_AMT_CREDIT_SUM_LIMIT_SUM,0.009018090410514528
PREV_AMT_CREDIT_MEAN,0.008878637394939472
WEEKDAY_APPR_PROCESS_START_SATURDAY,0.008829191971523858
APPROVED_AMT_ANNUITY_MIN,0.00870618218890099
PREV_HOUR_APPR_PROCESS_START_MEAN,0.008678569887222593
BURO_STATUS_X_MEAN_MEAN,0.008669404799547836
BURO_STATUS_0_MEAN_MEAN,0.008592013453544656
INSTAL_AMT_INSTALMENT_SUM,0.008589820829880994
CLOSED_CNT_CREDIT_PROLONG_SUM,0.00853861187605086
CC_AMT_CREDIT_LIMIT_ACTUAL_SUM,0.008524618191129768
BURO_DAYS_CREDIT_ENDDATE_MIN,0.008521059692012918
BURO_AMT_CREDIT_SUM_DEBT_SUM,0.008490360667684526
PREV_WEEKDAY_APPR_PROCESS_START_FRIDAY_MEAN,0.008450874998217091
CC_AMT_PAYMENT_CURRENT_SUM,0.008378678540997029
PREV_PRODUCT_COMBINATION_POSindustrywithinterest_MEAN,0.008337094065110054
PREV_AMT_ANNUITY_MIN,0.008308191915263764
BURO_CREDIT_TYPE_Creditcard_MEAN,0.008006944630888805
PREV_AMT_CREDIT_MAX,0.007956908273574205
OBS_30_CNT_SOCIAL_CIRCLE,0.007947443536017066
BURO_DAYS_CREDIT_VAR,0.0078281186020792
CLOSED_DAYS_CREDIT_ENDDATE_MIN,0.007824483036436757
YEARS_BUILD_AVG,0.007794777214722682
INSTAL_AMT_PAYMENT_MAX,0.007751456667697664
ENTRANCES_MEDI,0.007728972827745274
PREV_CHANNEL_TYPE_APCashloan_MEAN,0.007705060696686624
ACTIVE_DAYS_CREDIT_MIN,0.00766739877254739
PREV_NAME_PAYMENT_TYPE_Cashthroughthebank_MEAN,0.007655310737618225
INSTAL_DAYS_ENTRY_PAYMENT_MEAN,0.007602838858243249
BURO_MONTHS_BALANCE_SIZE_MEAN,0.007579680262235056
PREV_AMT_GOODS_PRICE_MIN,0.00756657743625065
ACTIVE_DAYS_CREDIT_VAR,0.007431274590443297
CLOSED_AMT_CREDIT_SUM_MAX,0.007408743668043519
PREV_DAYS_DECISION_MEAN,0.007394892898462923
OCCUPATION_TYPE_Accountants,0.007389314430180429
ACTIVE_AMT_CREDIT_SUM_DEBT_MAX,0.007383828753507852
APPROVED_AMT_CREDIT_MIN,0.007374479429564192
APPROVED_AMT_CREDIT_MAX,0.007364693423991645
PREV_NAME_YIELD_GROUP_XNA_MEAN,0.007290615213759266
PREV_AMT_APPLICATION_MIN,0.007156573805214446
APPROVED_DAYS_DECISION_MEAN,0.00714890384552457
PREV_NAME_PAYMENT_TYPE_XNA_MEAN,0.007108081323115414
CC_AMT_PAYMENT_CURRENT_MEAN,0.007054080718808432
APPROVED_AMT_CREDIT_MEAN,0.007014371306199137
CC_AMT_PAYMENT_TOTAL_CURRENT_MEAN,0.007000982954367754
APPROVED_AMT_GOODS_PRICE_MAX,0.006968367165451655
APPROVED_AMT_APPLICATION_MIN,0.006904554364002387
ACTIVE_MONTHS_BALANCE_MIN_MIN,0.006902246077260706
PREV_NAME_CONTRACT_STATUS_Approved_MEAN,0.006886762387475462
APPROVED_HOUR_APPR_PROCESS_START_MEAN,0.00688110401683345
REFUSED_APP_CREDIT_PERC_VAR,0.0068335955882304145
CLOSED_AMT_ANNUITY_MAX,0.006778988389504863
PREV_PRODUCT_COMBINATION_POShouseholdwithinterest_MEAN,0.0066029344443614465
CLOSED_DAYS_CREDIT_MEAN,0.006592161181535316
PREV_HOUR_APPR_PROCESS_START_MIN,0.006549666409703657
LANDAREA_MODE,0.006544903144400259
BURO_DAYS_CREDIT_UPDATE_MEAN,0.0065279738749744794
POS_SK_DPD_DEF_MEAN,0.006487117589094183
FLOORSMAX_MEDI,0.00634786721950092
BURO_AMT_ANNUITY_MAX,0.0063308283463693405
AMT_REQ_CREDIT_BUREAU_YEAR,0.006312176184297227
CLOSED_DAYS_CREDIT_ENDDATE_MEAN,0.00627257351433066
PREV_AMT_APPLICATION_MEAN,0.006255005728196076
PREV_CNT_PAYMENT_SUM,0.006230334671957321
PREV_NAME_YIELD_GROUP_low_normal_MEAN,0.006221888992297616
ACTIVE_MONTHS_BALANCE_SIZE_SUM,0.0061730751339994
CLOSED_CREDIT_DAY_OVERDUE_MAX,0.006147966801523053
LIVINGAREA_MODE,0.006128863168548409
CC_AMT_CREDIT_LIMIT_ACTUAL_VAR,0.00611767980091371
CLOSED_DAYS_CREDIT_MIN,0.006112452691500957
CLOSED_MONTHS_BALANCE_MIN_MIN,0.00610775363318993
OCCUPATION_TYPE_Medicinestaff,0.00609324188049186
BURO_CREDIT_TYPE_Carloan_MEAN,0.006080032537258099
BURO_CREDIT_DAY_OVERDUE_MAX,0.006053754244147251
PREV_NAME_CLIENT_TYPE_Refreshed_MEAN,0.006023543923211296
APPROVED_AMT_DOWN_PAYMENT_MIN,0.005996087034394274
PREV_RATE_DOWN_PAYMENT_MAX,0.005961942173040075
PREV_CHANNEL_TYPE_Contactcenter_MEAN,0.00595753648009496
PREV_NAME_PORTFOLIO_XNA_MEAN,0.005947618718879299
CC_SK_DPD_DEF_MEAN,0.005909190116832466
APPROVED_APP_CREDIT_PERC_MEAN,0.005847837125380578
BURO_CREDIT_TYPE_Loanforworkingcapitalreplenishment_MEAN,0.005823701422679636
CC_AMT_DRAWINGS_POS_CURRENT_SUM,0.005813284847230875
ORGANIZATION_TYPE_Industrytype9,0.005807685199910705
BURO_AMT_ANNUITY_MEAN,0.005807309017758101
CC_AMT_CREDIT_LIMIT_ACTUAL_MEAN,0.005762799025044766
PREV_WEEKDAY_APPR_PROCESS_START_SATURDAY_MEAN,0.005670943302417419
PREV_AMT_DOWN_PAYMENT_MAX,0.005617584491906926
AMT_REQ_CREDIT_BUREAU_WEEK,0.005565393382831046
APARTMENTS_AVG,0.00554995184238065
PREV_CHANNEL_TYPE_Stone_MEAN,0.005520998492803417
BURO_MONTHS_BALANCE_MIN_MIN,0.005491539424747269
BURO_CREDIT_TYPE_Consumercredit_MEAN,0.005452469349772003
PREV_NAME_PORTFOLIO_Cards_MEAN,0.005451427681550039
CC_SK_DPD_DEF_SUM,0.005365172918230083
PREV_WEEKDAY_APPR_PROCESS_START_SUNDAY_MEAN,0.005345584975544135
INSTAL_DPD_SUM,0.005316007904283124
APPROVED_AMT_GOODS_PRICE_MIN,0.005311160334374941
APPROVED_HOUR_APPR_PROCESS_START_MIN,0.005298394440205194
FONDKAPREMONT_MODE_regoperaccount,0.005191830866117048
CLOSED_MONTHS_BALANCE_SIZE_MEAN,0.005189334977923105
PREV_NAME_TYPE_SUITE_Family_MEAN,0.005188792641323432
PREV_RATE_DOWN_PAYMENT_MEAN,0.005147869115066232
PREV_NAME_GOODS_CATEGORY_ConsumerElectronics_MEAN,0.00501343342871018
ACTIVE_AMT_ANNUITY_MAX,0.005003890932539985
CLOSED_AMT_CREDIT_SUM_DEBT_MAX,0.00495159099771235
PREV_AMT_APPLICATION_MAX,0.00490979004709644
INSTAL_PAYMENT_PERC_VAR,0.004895651885860579
INSTAL_AMT_INSTALMENT_MEAN,0.004813086756914602
PREV_NAME_SELLER_INDUSTRY_Consumerelectronics_MEAN,0.004777980957440646
INSTAL_PAYMENT_PERC_MAX,0.00477648866213383
YEARS_BUILD_MEDI,0.004693806550706049
REFUSED_APP_CREDIT_PERC_MEAN,0.004648725599840537
CC_AMT_RECIVABLE_MAX,0.004643109010174987
ACTIVE_CNT_CREDIT_PROLONG_SUM,0.004637626822200894
CC_AMT_DRAWINGS_ATM_CURRENT_SUM,0.004610967138871792
CC_AMT_RECEIVABLE_PRINCIPAL_MAX,0.004602107981822312
NAME_EDUCATION_TYPE_Lowersecondary,0.004544505764302331
PREV_WEEKDAY_APPR_PROCESS_START_THURSDAY_MEAN,0.004530455532469024
PREV_NAME_PRODUCT_TYPE_XNA_MEAN,0.004522613501162691
CLOSED_AMT_ANNUITY_MEAN,0.004437379002943264
REFUSED_AMT_GOODS_PRICE_MEAN,0.004430318119540842
PREV_PRODUCT_COMBINATION_CashStreethigh_MEAN,0.004406301387527238
REFUSED_AMT_CREDIT_MIN,0.00439846347891202
REFUSED_HOUR_APPR_PROCESS_START_MEAN,0.004347402930351112
APPROVED_AMT_APPLICATION_MEAN,0.00429671757117855
REFUSED_HOUR_APPR_PROCESS_START_MIN,0.004223027848594674
PREV_NAME_GOODS_CATEGORY_AudioVideo_MEAN,0.004218254653514285
APARTMENTS_MODE,0.004105811162718517
APPROVED_AMT_APPLICATION_MAX,0.004103418881957882
PREV_WEEKDAY_APPR_PROCESS_START_WEDNESDAY_MEAN,0.004098908150930046
CC_CNT_DRAWINGS_CURRENT_MEAN,0.004087897629219301
CC_CNT_INSTALMENT_MATURE_CUM_MIN,0.004064557118392146
PREV_CHANNEL_TYPE_Countrywide_MEAN,0.004047642677152985
PREV_NAME_PORTFOLIO_Cash_MEAN,0.004035691047626968
CC_CNT_DRAWINGS_POS_CURRENT_MAX,0.004009595101045264
PREV_NAME_SELLER_INDUSTRY_Autotechnology_MEAN,0.003994114805219699
PREV_NAME_SELLER_INDUSTRY_Industry_MEAN,0.003992787710991369
CC_AMT_INST_MIN_REGULARITY_VAR,0.003984201031342533
BASEMENTAREA_AVG,0.003981405742797524
CC_AMT_DRAWINGS_ATM_CURRENT_MEAN,0.003963352884700786
REFUSED_AMT_ANNUITY_MIN,0.003941624088782876
ACTIVE_AMT_CREDIT_SUM_LIMIT_SUM,0.003931880101479565
PREV_NAME_SELLER_INDUSTRY_Clothing_MEAN,0.003910946590163599
ENTRANCES_MODE,0.0038350619259949425
PREV_CHANNEL_TYPE_RegionalLocal_MEAN,0.0038220174274452676
INSTAL_PAYMENT_DIFF_VAR,0.003815166770477537
CC_AMT_DRAWINGS_ATM_CURRENT_MAX,0.0038052124956739776
PREV_PRODUCT_COMBINATION_CardStreet_MEAN,0.003780053964419674
PREV_PRODUCT_COMBINATION_POShouseholdwithoutinterest_MEAN,0.0037190914721295194
PREV_NAME_SELLER_INDUSTRY_Construction_MEAN,0.0037054632082329044
PREV_PRODUCT_COMBINATION_POSmobilewithinterest_MEAN,0.00368324447266438
PREV_NAME_TYPE_SUITE_Other_B_MEAN,0.0036741721438266124
PREV_WEEKDAY_APPR_PROCESS_START_TUESDAY_MEAN,0.003649682410052793
BURO_CREDIT_ACTIVE_Baddebt_MEAN,0.003642424275526803
BURO_STATUS_3_MEAN_MEAN,0.0036249219823492823
PREV_NAME_CLIENT_TYPE_Repeater_MEAN,0.003588430289044831
CC_AMT_DRAWINGS_CURRENT_MEAN,0.003586234907706637
CC_AMT_PAYMENT_CURRENT_VAR,0.0035064694890761593
PREV_CODE_REJECT_REASON_LIMIT_MEAN,0.003504693512582649
PREV_NAME_PRODUCT_TYPE_xsell_MEAN,0.0035019507877729994
PREV_AMT_GOODS_PRICE_MAX,0.0034774604950287284
ORGANIZATION_TYPE_Medicine,0.003434746518284714
NAME_FAMILY_STATUS_Widow,0.0034254170891889297
PREV_CHANNEL_TYPE_Creditandcashoffices_MEAN,0.003408772652598024
POS_NAME_CONTRACT_STATUS_Signed_MEAN,0.0033936006537412786
OCCUPATION_TYPE_Highskilltechstaff,0.003359580080545264
ACTIVE_AMT_ANNUITY_MEAN,0.0033468441646483543
PREV_CODE_REJECT_REASON_SCOFR_MEAN,0.0033177045101629907
CC_AMT_PAYMENT_TOTAL_CURRENT_VAR,0.0032686207926363553
PREV_CODE_REJECT_REASON_XNA_MEAN,0.0032495711564731094
LANDAREA_AVG,0.003244969006349168
REFUSED_AMT_GOODS_PRICE_MIN,0.0032138856998113214
BASEMENTAREA_MODE,0.003204176599437242
PREV_NAME_GOODS_CATEGORY_ConstructionMaterials_MEAN,0.0032002516496024446
FONDKAPREMONT_MODE_orgspecaccount,0.00319874840937861
REFUSED_APP_CREDIT_PERC_MIN,0.0031950508640568804
CC_AMT_CREDIT_LIMIT_ACTUAL_MAX,0.0031909806435175044
LIVINGAPARTMENTS_AVG,0.003125242432977343
CC_CNT_DRAWINGS_CURRENT_SUM,0.003097990596914636
CC_AMT_RECEIVABLE_PRINCIPAL_VAR,0.003090547703675444
POS_SK_DPD_MAX,0.003070735309233179
ORGANIZATION_TYPE_Military,0.0030511846777602643
TOTALAREA_MODE,0.0030496752270616962
PREV_NAME_TYPE_SUITE_Spousepartner_MEAN,0.0030281500723586623
NONLIVINGAREA_AVG,0.0029968470509947067
POS_SK_DPD_MEAN,0.0029879797377500793
CC_AMT_RECEIVABLE_PRINCIPAL_MEAN,0.002963938141048529
PREV_NAME_CONTRACT_TYPE_Consumerloans_MEAN,0.002961483068955551
NONLIVINGAPARTMENTS_AVG,0.0029490754306526978
CC_AMT_PAYMENT_TOTAL_CURRENT_SUM,0.0029428901149152727
PREV_PRODUCT_COMBINATION_CashStreetmiddle_MEAN,0.0029424701449911775
REFUSED_DAYS_DECISION_MIN,0.0029282730443247694
REFUSED_APP_CREDIT_PERC_MAX,0.0029040221046511563
REFUSED_AMT_CREDIT_MAX,0.0029015692631406322
PREV_NAME_GOODS_CATEGORY_Computers_MEAN,0.002894027100701297
BURO_CREDIT_ACTIVE_Sold_MEAN,0.0028842876093677357
PREV_NAME_SELLER_INDUSTRY_XNA_MEAN,0.0028292360805104787
PREV_PRODUCT_COMBINATION_CashXSellmiddle_MEAN,0.0028184190126205417
FLOORSMIN_MODE,0.002791049617578796
COMMONAREA_AVG,0.002744981486189509
COMMONAREA_MODE,0.002714205348342769
PREV_AMT_DOWN_PAYMENT_MIN,0.002696586829307271
CC_AMT_PAYMENT_CURRENT_MAX,0.0026944040178889187
PREV_NAME_PORTFOLIO_POS_MEAN,0.002693130671889135
CLOSED_AMT_CREDIT_SUM_DEBT_MEAN,0.0026372023477338755
CC_AMT_BALANCE_MEAN,0.0026274329653121617
PREV_CHANNEL_TYPE_Channelofcorporatesales_MEAN,0.0025759581688875994
CC_AMT_RECIVABLE_SUM,0.0025306567494136753
CC_CNT_INSTALMENT_MATURE_CUM_MEAN,0.002519373818452354
BURO_AMT_CREDIT_SUM_OVERDUE_MEAN,0.002513668001499987
NONLIVINGAREA_MEDI,0.002493501636898871
REFUSED_AMT_APPLICATION_MIN,0.002447405695300901
LANDAREA_MEDI,0.002426809162055808
NONLIVINGAREA_MODE,0.0024140551313186014
PREV_PRODUCT_COMBINATION_POSindustrywithoutinterest_MEAN,0.002362369960393693
CC_NAME_CONTRACT_STATUS_Completed_MEAN,0.0023338126084147715
CC_AMT_RECIVABLE_MEAN,0.0022870405596165893
ELEVATORS_MODE,0.0022819740769526686
CLOSED_AMT_CREDIT_SUM_DEBT_SUM,0.0022596639749332807
PREV_PRODUCT_COMBINATION_CardXSell_MEAN,0.002251741140502458
REFUSED_AMT_GOODS_PRICE_MAX,0.0022255689385736327
POS_NAME_CONTRACT_STATUS_Approved_MEAN,0.0021692128385005214
PREV_NAME_GOODS_CATEGORY_PhotoCinemaEquipment_MEAN,0.0021637254674826364
PREV_NAME_GOODS_CATEGORY_XNA_MEAN,0.0021483925063889315
REFUSED_AMT_ANNUITY_MAX,0.0021474926355176793
PREV_PRODUCT_COMBINATION_POSotherwithinterest_MEAN,0.0021060622757593274
PREV_NAME_TYPE_SUITE_Other_A_MEAN,0.002089835493756292
OCCUPATION_TYPE_Secretaries,0.0020793187311593715
ORGANIZATION_TYPE_Police,0.0020431140110289954
FLAG_DOCUMENT_6,0.002012621368264785
REFUSED_AMT_APPLICATION_MEAN,0.002012344517150338
PREV_NAME_CONTRACT_STATUS_Canceled_MEAN,0.002009392796739018
REFUSED_AMT_ANNUITY_MEAN,0.0019971373603620383
CC_AMT_INST_MIN_REGULARITY_MEAN,0.001972930531585117
LIVINGAPARTMENTS_MODE,0.001954635462725145
ORGANIZATION_TYPE_Transporttype3,0.0019520456263482078
PREV_NAME_GOODS_CATEGORY_Furniture_MEAN,0.001949895069296755
ACTIVE_CREDIT_DAY_OVERDUE_MEAN,0.0019071376362070655
FONDKAPREMONT_MODE_regoperspecaccount,0.0018803248865798703
WALLSMATERIAL_MODE_Block,0.0018701007055663087
LIVINGAREA_AVG,0.0018541431136160646
REFUSED_RATE_DOWN_PAYMENT_MEAN,0.00185244992850452
CC_AMT_PAYMENT_TOTAL_CURRENT_MAX,0.0018381569638531684
BASEMENTAREA_MEDI,0.001822831202934744
REFUSED_HOUR_APPR_PROCESS_START_MAX,0.0018137112111175193
PREV_NAME_GOODS_CATEGORY_SportandLeisure_MEAN,0.0017571439255546022
CC_CNT_DRAWINGS_POS_CURRENT_SUM,0.0017497788095371927
CLOSED_AMT_CREDIT_SUM_LIMIT_SUM,0.0017324864193584357
FLAG_DOCUMENT_18,0.0017227850264987118
REFUSED_AMT_CREDIT_MEAN,0.0017168252244387418
NAME_HOUSING_TYPE_Officeapartment,0.0017122281862229115
POS_NAME_CONTRACT_STATUS_Returnedtothestore_MEAN,0.0017001663814290133
AMT_REQ_CREDIT_BUREAU_MON,0.0016982811642870044
CC_CNT_DRAWINGS_POS_CURRENT_MEAN,0.0016925151492274808
PREV_PRODUCT_COMBINATION_POSmobilewithoutinterest_MEAN,0.0016834551162289728
FLOORSMIN_AVG,0.0016781545923531943
PREV_NAME_CONTRACT_TYPE_Cashloans_MEAN,0.0016657473027387433
YEARS_BUILD_MODE,0.0016522007381195212
CC_AMT_RECIVABLE_MIN,0.001641836776032112
CC_AMT_BALANCE_MAX,0.0015785653090888765
PREV_NAME_GOODS_CATEGORY_AutoAccessories_MEAN,0.0015598877283731897
CC_AMT_BALANCE_VAR,0.0015534975177618564
ORGANIZATION_TYPE_SecurityMinistries,0.001546049365792238
CC_AMT_PAYMENT_CURRENT_MIN,0.0015224194098219922
PREV_NAME_TYPE_SUITE_Children_MEAN,0.0015081478519061533
CC_AMT_BALANCE_MIN,0.0014958378087026945
NAME_HOUSING_TYPE_Municipalapartment,0.00149351140184413
PREV_CODE_REJECT_REASON_SCO_MEAN,0.0014811731185573112
CC_NAME_CONTRACT_STATUS_Active_SUM,0.0014716882304100186
CC_AMT_DRAWINGS_CURRENT_VAR,0.0014705281645852693
NAME_TYPE_SUITE_Children,0.0014195423952748892
CC_AMT_DRAWINGS_POS_CURRENT_MEAN,0.0014089725174326168
LIVINGAREA_MEDI,0.0014049570493016063
CC_AMT_RECEIVABLE_PRINCIPAL_MIN,0.001403922728841048
CC_MONTHS_BALANCE_MAX,0.0013484095636843941
CC_NAME_CONTRACT_STATUS_Active_MEAN,0.001323105229028641
CC_AMT_RECEIVABLE_PRINCIPAL_SUM,0.0012989798578692444
PREV_NAME_CASH_LOAN_PURPOSE_Medicine_MEAN,0.001294248677328916
CC_CNT_DRAWINGS_POS_CURRENT_VAR,0.0012916071744858465
PREV_NAME_GOODS_CATEGORY_MedicalSupplies_MEAN,0.0012897099283535013
CC_CNT_INSTALMENT_MATURE_CUM_VAR,0.0012794806815019698
CC_CNT_INSTALMENT_MATURE_CUM_SUM,0.0012725173656208473
BURO_CREDIT_CURRENCY_currency4_MEAN,0.0012681609899424726
CC_AMT_DRAWINGS_CURRENT_MIN,0.0012408459358627933
PREV_NAME_GOODS_CATEGORY_ClothingandAccessories_MEAN,0.001214203644115825
CC_AMT_BALANCE_SUM,0.0012069503021997626
CC_AMT_DRAWINGS_POS_CURRENT_VAR,0.0011913561836671995
CC_CNT_INSTALMENT_MATURE_CUM_MAX,0.0011719218271097303
REFUSED_AMT_APPLICATION_MAX,0.0011596220256652322
CC_AMT_DRAWINGS_CURRENT_SUM,0.0011505160652106829
CC_AMT_DRAWINGS_CURRENT_MAX,0.0011434057699236297
FONDKAPREMONT_MODE_notspecified,0.001138034175235377
CC_AMT_DRAWINGS_ATM_CURRENT_VAR,0.001099696566434509
PREV_NAME_PAYMENT_TYPE_Noncashfromyouraccount_MEAN,0.001067365554564512
LIVE_REGION_NOT_WORK_REGION,0.001064609388012808
APARTMENTS_MEDI,0.0010552389119801232
ELEVATORS_AVG,0.0010510915998903619
ORGANIZATION_TYPE_Industrytype2,0.001050650859975451
PREV_NAME_CASH_LOAN_PURPOSE_Other_MEAN,0.0010025162796632524
PREV_NAME_CONTRACT_STATUS_Unusedoffer_MEAN,0.0009825150041885438
CC_AMT_DRAWINGS_POS_CURRENT_MAX,0.000967820699516526
CC_AMT_INST_MIN_REGULARITY_MAX,0.0009543949680583235
PREV_NAME_CASH_LOAN_PURPOSE_Buyingagarage_MEAN,0.0009400031052663403
ORGANIZATION_TYPE_Hotel,0.00093259540280914
LIVINGAPARTMENTS_MEDI,0.0009054808018488985
FLAG_DOCUMENT_13,0.0008861141810332474
PREV_NAME_CASH_LOAN_PURPOSE_Urgentneeds_MEAN,0.0008759826980787949
CC_NAME_CONTRACT_STATUS_Active_VAR,0.0008655716342169953
FLAG_EMAIL,0.0008439046028075711
CC_CNT_DRAWINGS_ATM_CURRENT_MAX,0.00083421816694302
PREV_NAME_CASH_LOAN_PURPOSE_Carrepairs_MEAN,0.0008340712104913482
ORGANIZATION_TYPE_Realtor,0.0008246042829199819
ELEVATORS_MEDI,0.0007900687207505682
ORGANIZATION_TYPE_Tradetype7,0.0007784640078197739
PREV_NAME_CASH_LOAN_PURPOSE_XAP_MEAN,0.0007729940029805297
FLAG_DOCUMENT_16,0.0007535941581126255
CC_MONTHS_BALANCE_VAR,0.0007477794076867142
OCCUPATION_TYPE_Managers,0.0007423791798698231
NAME_FAMILY_STATUS_Civilmarriage,0.0007409998769998935
REG_REGION_NOT_WORK_REGION,0.0007335928346057364
REG_REGION_NOT_LIVE_REGION,0.0007274746036548747
CC_MONTHS_BALANCE_MEAN,0.0007252660727321325
ORGANIZATION_TYPE_Government,0.0007136887850294995
CC_AMT_INST_MIN_REGULARITY_MIN,0.0007085297229521708
BURO_CREDIT_DAY_OVERDUE_MEAN,0.0006993527538569679
REFUSED_AMT_DOWN_PAYMENT_MEAN,0.0006909823756101554
PREV_NAME_GOODS_CATEGORY_DirectSales_MEAN,0.0006802628702147054
ORGANIZATION_TYPE_BusinessEntityType2,0.0006772726994679697
PREV_NAME_CASH_LOAN_PURPOSE_Repairs_MEAN,0.0006611121529321775
NAME_TYPE_SUITE_Family,0.000656432823001727
NAME_HOUSING_TYPE_Rentedapartment,0.0006219713894206444
OCCUPATION_TYPE_LowskillLaborers,0.0006143893238513738
BURO_CREDIT_TYPE_Anothertypeofloan_MEAN,0.0006072024136551502
FLOORSMIN_MEDI,0.0005948893920437901
WALLSMATERIAL_MODE_Wooden,0.0005930930405091125
CC_MONTHS_BALANCE_MIN,0.0005893098598111035
ORGANIZATION_TYPE_Industrytype4,0.0005643408627473016
CC_AMT_RECIVABLE_VAR,0.0005560295768684213
CC_NAME_CONTRACT_STATUS_Completed_SUM,0.0005556680743907618
CC_AMT_TOTAL_RECEIVABLE_MIN,0.0005423575132948392
FLAG_DOCUMENT_8,0.0005331402910977871
AMT_REQ_CREDIT_BUREAU_HOUR,0.0005294755617603063
OCCUPATION_TYPE_Cleaningstaff,0.0005243720309697863
CC_NAME_CONTRACT_STATUS_Completed_MAX,0.0005187011179762092
CC_MONTHS_BALANCE_SUM,0.0005186527404958035
PREV_NAME_CLIENT_TYPE_XNA_MEAN,0.0004949443038175693
PREV_NAME_GOODS_CATEGORY_Jewelry_MEAN,0.000491206646341929
NAME_HOUSING_TYPE_Withparents,0.0004862952764036063
CC_SK_DPD_DEF_VAR,0.0004846501737149235
OCCUPATION_TYPE_Securitystaff,0.00046542678734302683
ORGANIZATION_TYPE_Agriculture,0.0004611001772020133
PREV_NAME_GOODS_CATEGORY_Other_MEAN,0.00045317045768693075
PREV_NAME_CASH_LOAN_PURPOSE_Buildingahouseoranannex_MEAN,0.000449499682451066
PREV_NAME_GOODS_CATEGORY_Vehicles_MEAN,0.0004446512110994689
PREV_NAME_TYPE_SUITE_Groupofpeople_MEAN,0.0004386772045526865
HOUSETYPE_MODE_specifichousing,0.0004369741348643462
ORGANIZATION_TYPE_Transporttype4,0.0004339688147075819
CC_CNT_DRAWINGS_OTHER_CURRENT_SUM,0.00041443397934279514
REFUSED_RATE_DOWN_PAYMENT_MIN,0.00040719564268038635
PREV_NAME_CASH_LOAN_PURPOSE_Furniture_MEAN,0.0004064953929707392
NAME_TYPE_SUITE_Other_B,0.0003966296276544919
CC_SK_DPD_MAX,0.000387118271013348
BURO_CREDIT_CURRENCY_currency2_MEAN,0.0003865356810268532
CC_SK_DPD_MEAN,0.0003682806910443178
PREV_FLAG_LAST_APPL_PER_CONTRACT_Y_MEAN,0.00035747120654916985
ORGANIZATION_TYPE_Industrytype5,0.0003536102013299703
OCCUPATION_TYPE_Realtyagents,0.0003463184761773694
PREV_NAME_CASH_LOAN_PURPOSE_Buyingahome_MEAN,0.000341396634146041
CC_AMT_DRAWINGS_OTHER_CURRENT_MAX,0.0003256121990266213
CC_AMT_TOTAL_RECEIVABLE_MAX,0.00032345198951903566
PREV_NAME_GOODS_CATEGORY_Homewares_MEAN,0.00032278961114534844
PREV_NAME_CASH_LOAN_PURPOSE_Education_MEAN,0.00031641531503501057
FLAG_DOCUMENT_9,0.0003094228991224639
PREV_NAME_CASH_LOAN_PURPOSE_Journey_MEAN,0.00030842823621586205
NAME_EDUCATION_TYPE_Incompletehigher,0.0003025773937350392
PREV_NAME_CASH_LOAN_PURPOSE_Everydayexpenses_MEAN,0.00030044396262264973
ORGANIZATION_TYPE_Tradetype3,0.00029845594984871145
BURO_CREDIT_CURRENCY_currency1_MEAN,0.00028573531337381823
ORGANIZATION_TYPE_Security,0.00028519178376658154
CC_AMT_INST_MIN_REGULARITY_SUM,0.00027518612105600367
PREV_NAME_CASH_LOAN_PURPOSE_Weddinggiftholiday_MEAN,0.00027390904389328405
NAME_HOUSING_TYPE_Coopapartment,0.0002706413461711936
ORGANIZATION_TYPE_Advertising,0.00026940894054812864
NAME_TYPE_SUITE_Other_A,0.0002688329224418338
CC_CNT_DRAWINGS_OTHER_CURRENT_VAR,0.00025627397435752896
PREV_NAME_GOODS_CATEGORY_Gardening_MEAN,0.00025454582547244475
BURO_CNT_CREDIT_PROLONG_SUM,0.0002514529708811864
PREV_NAME_GOODS_CATEGORY_Tourism_MEAN,0.00024987403248524347
CC_AMT_PAYMENT_TOTAL_CURRENT_MIN,0.00024683200834970585
ORGANIZATION_TYPE_Postal,0.00024456105554734517
PREV_CHANNEL_TYPE_Cardealer_MEAN,0.00024288804379063688
PREV_NAME_GOODS_CATEGORY_OfficeAppliances_MEAN,0.00023905013692001237
OCCUPATION_TYPE_Cookingstaff,0.00023857601654906686
ORGANIZATION_TYPE_Other,0.00023852666058129856
ORGANIZATION_TYPE_Housing,0.00023510098985106436
WALLSMATERIAL_MODE_Mixed,0.0002323239918293302
PREV_NAME_GOODS_CATEGORY_Medicine_MEAN,0.0002245141219422574
CC_AMT_DRAWINGS_OTHER_CURRENT_SUM,0.00022326902449371267
ORGANIZATION_TYPE_LegalServices,0.0002193067888001882
PREV_NAME_SELLER_INDUSTRY_Jewelry_MEAN,0.00021366806254880522
ORGANIZATION_TYPE_Transporttype2,0.00021305871350207656
CC_COUNT,0.00021282274399610595
BURO_CREDIT_TYPE_Loanforbusinessdevelopment_MEAN,0.00020946283961015256
PREV_NAME_CASH_LOAN_PURPOSE_Buyinganewcar_MEAN,0.00020583315908608086
CC_AMT_DRAWINGS_OTHER_CURRENT_MEAN,0.0002049019760684474
PREV_NAME_CASH_LOAN_PURPOSE_Businessdevelopment_MEAN,0.00020117035337783418
PREV_CODE_REJECT_REASON_VERIF_MEAN,0.0001986465645429924
PREV_FLAG_LAST_APPL_PER_CONTRACT_N_MEAN,0.00019528106063919625
CC_CNT_DRAWINGS_CURRENT_MIN,0.00018841365242557219
CC_NAME_CONTRACT_STATUS_Sentproposal_MEAN,0.0001883975413996484
FLAG_DOCUMENT_5,0.0001824226044436243
POS_NAME_CONTRACT_STATUS_Amortizeddebt_MEAN,0.0001805829084464498
CC_AMT_DRAWINGS_OTHER_CURRENT_VAR,0.00017992280927182677
PREV_NAME_CASH_LOAN_PURPOSE_Buyingausedcar_MEAN,0.00017836634197030313
ORGANIZATION_TYPE_Restaurant,0.00016603986882948526
PREV_PRODUCT_COMBINATION_POSotherswithoutinterest_MEAN,0.0001616511539860354
PREV_NAME_PAYMENT_TYPE_Cashlessfromtheaccountoftheemployer_MEAN,0.000156871403246218
CC_AMT_DRAWINGS_POS_CURRENT_MIN,0.00015324974079130487
FLAG_DOCUMENT_14,0.000151796589582888
NAME_TYPE_SUITE_Spousepartner,0.00015084157693310646
PREV_NAME_CASH_LOAN_PURPOSE_Purchaseofelectronicequipment_MEAN,0.00014693998992151505
ORGANIZATION_TYPE_BusinessEntityType1,0.00013434720178135613
CC_CNT_DRAWINGS_OTHER_CURRENT_MEAN,0.00013275106063343335
POS_NAME_CONTRACT_STATUS_Demand_MEAN,0.00013226634436005205
OCCUPATION_TYPE_Privateservicestaff,0.0001257461711083682
CC_SK_DPD_VAR,0.0001157494404659641
PREV_NAME_CASH_LOAN_PURPOSE_Paymentsonotherloans_MEAN,0.000115076741707192
CC_CNT_DRAWINGS_POS_CURRENT_MIN,0.00010698860475638874
CC_SK_DPD_DEF_MAX,0.0001038338001074792
ORGANIZATION_TYPE_Industrytype3,9.702795517754754e-05
ORGANIZATION_TYPE_Industrytype1,8.70358203048509e-05
ORGANIZATION_TYPE_Services,8.535928219989978e-05
ORGANIZATION_TYPE_Industrytype11,8.154152720359577e-05
PREV_NAME_SELLER_INDUSTRY_MLMpartners_MEAN,8.13190096492634e-05
OCCUPATION_TYPE_HRstaff,7.859362434775192e-05
ORGANIZATION_TYPE_Telecom,7.690703072566707e-05
OCCUPATION_TYPE_Waitersbarmenstaff,7.117002597876872e-05
WALLSMATERIAL_MODE_Others,6.691045046041339e-05
CC_NAME_CONTRACT_STATUS_Signed_MEAN,6.201950137963169e-05
CC_NAME_CONTRACT_STATUS_Signed_SUM,5.941097420117663e-05
CC_NAME_CONTRACT_STATUS_Signed_VAR,5.787199355340468e-05
ORGANIZATION_TYPE_Tradetype6,4.9490264062068424e-05
ORGANIZATION_TYPE_Industrytype6,4.9186775887305366e-05
ORGANIZATION_TYPE_Electricity,4.6147579402429515e-05
PREV_NAME_GOODS_CATEGORY_AdditionalService_MEAN,4.283734292079998e-05
CC_NAME_CONTRACT_STATUS_Completed_VAR,3.634920011371757e-05
EMERGENCYSTATE_MODE_Yes,3.3093294941990356e-05
ORGANIZATION_TYPE_Culture,3.224598738620889e-05
ORGANIZATION_TYPE_University,2.9502600227336163e-05
CC_SK_DPD_SUM,2.5877339573892005e-05
WALLSMATERIAL_MODE_Monolithic,2.516824065144403e-05
CC_CNT_DRAWINGS_OTHER_CURRENT_MAX,2.2915175911169468e-05
ORGANIZATION_TYPE_Mobile,2.2390625787217836e-05
ORGANIZATION_TYPE_Emergency,2.237640582226175e-05
ORGANIZATION_TYPE_Tradetype2,2.2283213927048514e-05
FLAG_CONT_MOBILE,2.131734055081333e-05
CC_AMT_DRAWINGS_ATM_CURRENT_MIN,1.943608046480134e-05
HOUSETYPE_MODE_terracedhouse,1.9221108251078207e-05
PREV_NAME_CONTRACT_TYPE_XNA_MEAN,1.8444273340865545e-05
ORGANIZATION_TYPE_Tradetype1,1.832131944520257e-05
ORGANIZATION_TYPE_Insurance,1.8150735017076585e-05
PREV_NAME_CASH_LOAN_PURPOSE_Gasificationwatersupply_MEAN,1.7678564636678283e-05
FLAG_DOCUMENT_21,1.7315122459241314e-05
FLAG_DOCUMENT_11,1.6138759420197653e-05
BURO_CREDIT_TYPE_Unknowntypeofloan_MEAN,1.448055272716864e-05
ORGANIZATION_TYPE_Bank,1.4150709697034642e-05
FLAG_DOCUMENT_19,1.0734200969844322e-05
PREV_NAME_PORTFOLIO_Cars_MEAN,8.759886228820563e-06
ORGANIZATION_TYPE_Cleaning,7.466561039494496e-06
OCCUPATION_TYPE_ITstaff,5.455056654284286e-06
FLAG_DOCUMENT_17,4.417692376667616e-06
BURO_STATUS_nan_MEAN_MEAN,0.0
NONLIVINGAPARTMENTS_MEDI,0.0
BURO_CREDIT_ACTIVE_nan_MEAN,0.0
CC_NAME_CONTRACT_STATUS_Signed_MIN,0.0
CC_NAME_CONTRACT_STATUS_Signed_MAX,0.0
CC_SK_DPD_MIN,0.0
BURO_CREDIT_TYPE_Interbankcredit_MEAN,0.0
FLAG_DOCUMENT_2,0.0
FLAG_DOCUMENT_4,0.0
CC_NAME_CONTRACT_STATUS_Sentproposal_SUM,0.0
FLAG_DOCUMENT_7,0.0
CC_NAME_CONTRACT_STATUS_nan_MIN,0.0
CC_NAME_CONTRACT_STATUS_nan_MAX,0.0
CC_NAME_CONTRACT_STATUS_nan_MEAN,0.0
CC_NAME_CONTRACT_STATUS_nan_SUM,0.0
CC_NAME_CONTRACT_STATUS_nan_VAR,0.0
CC_NAME_CONTRACT_STATUS_Sentproposal_VAR,0.0
CC_NAME_CONTRACT_STATUS_Sentproposal_MIN,0.0
CC_SK_DPD_DEF_MIN,0.0
CC_NAME_CONTRACT_STATUS_Sentproposal_MAX,0.0
CC_NAME_CONTRACT_STATUS_Approved_VAR,0.0
CC_NAME_CONTRACT_STATUS_Approved_SUM,0.0
BURO_CREDIT_CURRENCY_nan_MEAN,0.0
CC_NAME_CONTRACT_STATUS_Approved_MEAN,0.0
CC_NAME_CONTRACT_STATUS_Demand_MIN,0.0
CC_NAME_CONTRACT_STATUS_Demand_MAX,0.0
CC_NAME_CONTRACT_STATUS_Approved_MAX,0.0
CC_NAME_CONTRACT_STATUS_Demand_MEAN,0.0
CC_NAME_CONTRACT_STATUS_Approved_MIN,0.0
CC_NAME_CONTRACT_STATUS_Demand_SUM,0.0
BURO_CREDIT_TYPE_Loanforpurchaseofsharesmarginlending_MEAN,0.0
BURO_CREDIT_TYPE_Loanforthepurchaseofequipment_MEAN,0.0
CC_NAME_CONTRACT_STATUS_Active_MAX,0.0
CC_NAME_CONTRACT_STATUS_Demand_VAR,0.0
BURO_CREDIT_TYPE_Mobileoperatorloan_MEAN,0.0
BURO_CREDIT_TYPE_Realestateloan_MEAN,0.0
CC_NAME_CONTRACT_STATUS_Refused_MIN,0.0
CC_NAME_CONTRACT_STATUS_Refused_MAX,0.0
BURO_CREDIT_TYPE_nan_MEAN,0.0
CC_NAME_CONTRACT_STATUS_Refused_MEAN,0.0
CC_NAME_CONTRACT_STATUS_Refused_SUM,0.0
CC_NAME_CONTRACT_STATUS_Refused_VAR,0.0
BURO_CREDIT_TYPE_Cashloannonearmarked_MEAN,0.0
CC_NAME_CONTRACT_STATUS_Completed_MIN,0.0
POS_NAME_CONTRACT_STATUS_Canceled_MEAN,0.0
CLOSED_CREDIT_DAY_OVERDUE_MEAN,0.0
CC_CNT_DRAWINGS_OTHER_CURRENT_MIN,0.0
PREV_NAME_GOODS_CATEGORY_Fitness_MEAN,0.0
PREV_NAME_GOODS_CATEGORY_HouseConstruction_MEAN,0.0
PREV_NAME_GOODS_CATEGORY_Insurance_MEAN,0.0
PREV_NAME_GOODS_CATEGORY_Weapon_MEAN,0.0
PREV_NAME_GOODS_CATEGORY_nan_MEAN,0.0
NAME_INCOME_TYPE_Maternityleave,0.0
PREV_NAME_PORTFOLIO_nan_MEAN,0.0
NAME_INCOME_TYPE_Student,0.0
PREV_NAME_PRODUCT_TYPE_nan_MEAN,0.0
PREV_CHANNEL_TYPE_nan_MEAN,0.0
PREV_NAME_SELLER_INDUSTRY_Tourism_MEAN,0.0
PREV_NAME_SELLER_INDUSTRY_nan_MEAN,0.0
ORGANIZATION_TYPE_Industrytype13,0.0
ORGANIZATION_TYPE_Industrytype12,0.0
PREV_NAME_YIELD_GROUP_nan_MEAN,0.0
NAME_INCOME_TYPE_Unemployed,0.0
ORGANIZATION_TYPE_Industrytype10,0.0
NAME_EDUCATION_TYPE_Academicdegree,0.0
FLAG_MOBIL,0.0
FLAG_DOCUMENT_20,0.0
PREV_PRODUCT_COMBINATION_nan_MEAN,0.0
NAME_FAMILY_STATUS_Unknown,0.0
FLAG_DOCUMENT_12,0.0
FLAG_DOCUMENT_15,0.0
POS_COUNT,0.0
POS_NAME_CONTRACT_STATUS_nan_MEAN,0.0
POS_NAME_CONTRACT_STATUS_XNA_MEAN,0.0
PREV_NAME_GOODS_CATEGORY_Education_MEAN,0.0
PREV_NAME_GOODS_CATEGORY_Animals_MEAN,0.0
PREV_NAME_CLIENT_TYPE_nan_MEAN,0.0
PREV_FLAG_LAST_APPL_PER_CONTRACT_nan_MEAN,0.0
ORGANIZATION_TYPE_Transporttype1,0.0
ORGANIZATION_TYPE_Tradetype5,0.0
ORGANIZATION_TYPE_Tradetype4,0.0
NAME_TYPE_SUITE_Groupofpeople,0.0
CC_CNT_DRAWINGS_ATM_CURRENT_MIN,0.0
CC_AMT_TOTAL_RECEIVABLE_VAR,0.0
CC_AMT_TOTAL_RECEIVABLE_SUM,0.0
CC_AMT_TOTAL_RECEIVABLE_MEAN,0.0
FLAG_DOCUMENT_10,0.0
ORGANIZATION_TYPE_Religion,0.0
PREV_NAME_CONTRACT_TYPE_nan_MEAN,0.0
PREV_WEEKDAY_APPR_PROCESS_START_nan_MEAN,0.0
PREV_NAME_CASH_LOAN_PURPOSE_Buyingaholidayhomeland_MEAN,0.0
CC_AMT_DRAWINGS_OTHER_CURRENT_MIN,0.0
PREV_NAME_CASH_LOAN_PURPOSE_Hobby_MEAN,0.0
PREV_NAME_CASH_LOAN_PURPOSE_Moneyforathirdperson_MEAN,0.0
NAME_INCOME_TYPE_Businessman,0.0
PREV_NAME_CASH_LOAN_PURPOSE_Refusaltonamethegoal_MEAN,0.0
PREV_NAME_CASH_LOAN_PURPOSE_nan_MEAN,0.0
PREV_NAME_CONTRACT_STATUS_nan_MEAN,0.0
PREV_NAME_PAYMENT_TYPE_nan_MEAN,0.0
PREV_CODE_REJECT_REASON_CLIENT_MEAN,0.0
PREV_CODE_REJECT_REASON_SYSTEM_MEAN,0.0
ORGANIZATION_TYPE_Industrytype8,0.0
PREV_CODE_REJECT_REASON_nan_MEAN,0.0
ORGANIZATION_TYPE_Industrytype7,0.0
BURO_CREDIT_CURRENCY_currency3_MEAN,0.0
